{"cameraMode":{"drawMode":0,"name":"Shaded","section":"Shading Mode"},"sceneLighting":true,"audioPlay":false,"sceneViewState":{"showFog":true,"showMaterialUpdate":false,"showSkybox":true,"showFlares":true,"showImageEffects":true,"showParticleSystems":true},"in2DMode":false,"pivot":{"x":0.5116919279098511,"y":-1.0391197204589844,"z":-3.4806690216064455},"rotation":{"x":-0.21022818982601167,"y":-0.002348830457776785,"z":0.0005051064654253423,"w":-0.977649450302124},"size":31.269847869873048,"orthographic":false}