{"cameraMode":{"drawMode":0,"name":"Shaded","section":"Shading Mode"},"sceneLighting":true,"audioPlay":false,"sceneViewState":{"showFog":true,"showMaterialUpdate":false,"showSkybox":true,"showFlares":true,"showImageEffects":true,"showParticleSystems":true},"in2DMode":false,"pivot":{"x":10.298664093017579,"y":-2.128544330596924,"z":-16.714519500732423},"rotation":{"x":0.5577258467674255,"y":0.09780939668416977,"z":-0.06640747934579849,"w":0.8215627670288086},"size":29.048839569091798,"orthographic":false}