{"cameraMode":{"drawMode":0,"name":"Shaded","section":"Shading Mode"},"sceneLighting":true,"audioPlay":false,"sceneViewState":{"showFog":true,"showMaterialUpdate":false,"showSkybox":true,"showFlares":true,"showImageEffects":true,"showParticleSystems":true},"in2DMode":false,"pivot":{"x":-0.4651355743408203,"y":2.646186351776123,"z":2.22343373298645},"rotation":{"x":-0.2591002285480499,"y":0.4132705628871918,"z":-0.12391301989555359,"w":-0.8641296625137329},"size":13.63413143157959,"orthographic":false}