{"cameraMode":{"drawMode":0,"name":"Shaded","section":"Shading Mode"},"sceneLighting":true,"audioPlay":false,"sceneViewState":{"showFog":true,"showMaterialUpdate":false,"showSkybox":true,"showFlares":true,"showImageEffects":true,"showParticleSystems":true},"in2DMode":false,"pivot":{"x":-1.5969940423965455,"y":1.0112544298171998,"z":-12.154205322265625},"rotation":{"x":0.13647134602069856,"y":0.5616744160652161,"z":-0.09457123279571533,"w":0.8105267882347107},"size":3.9947574138641359,"orthographic":false}