{"cameraMode":{"drawMode":0,"name":"Shaded","section":"Shading Mode"},"sceneLighting":true,"audioPlay":false,"sceneViewState":{"showFog":true,"showMaterialUpdate":false,"showSkybox":true,"showFlares":true,"showImageEffects":true,"showParticleSystems":true},"in2DMode":false,"pivot":{"x":8.870268821716309,"y":-0.18082714080810548,"z":-10.87913990020752},"rotation":{"x":-0.12301091104745865,"y":0.6744706630706787,"z":-0.11543086916208267,"w":-0.7187722325325012},"size":16.06049346923828,"orthographic":false}