{"cameraMode":{"drawMode":0,"name":"Shaded","section":"Shading Mode"},"sceneLighting":true,"audioPlay":false,"sceneViewState":{"showFog":true,"showMaterialUpdate":false,"showSkybox":true,"showFlares":true,"showImageEffects":true,"showParticleSystems":true},"in2DMode":false,"pivot":{"x":-1.3285986185073853,"y":2.561246871948242,"z":-3.0098464488983156},"rotation":{"x":-0.07168830931186676,"y":0.9280149340629578,"z":-0.2703746259212494,"w":-0.24606221914291383},"size":3.2759392261505129,"orthographic":false}